<?xml version="1.0" encoding="UTF-8"?>
<root>
  <item name="com.pspdfkit.ui.PSPDFActivity implementation">
    <annotation name="android.support.annotation.VisibleForTesting" />
  </item>
  <item name="com.pspdfkit.ui.PSPDFActivityImpl INLINE_SEARCH_SHOW_DELAY">
    <annotation name="android.support.annotation.VisibleForTesting" />
  </item>
  <item name="com.pspdfkit.ui.PSPDFActivityImpl document">
    <annotation name="android.support.annotation.VisibleForTesting" />
  </item>
  <item name="com.pspdfkit.ui.PSPDFActivityImpl pendingInitialPage">
    <annotation name="android.support.annotation.VisibleForTesting" />
  </item>
  <item name="com.pspdfkit.ui.PSPDFAppCompatActivity implementation">
    <annotation name="android.support.annotation.VisibleForTesting" />
  </item>
  <item name="com.pspdfkit.ui.PSPDFFragment documentListeners">
    <annotation name="android.support.annotation.VisibleForTesting" />
  </item>
  <item name="com.pspdfkit.ui.PSPDFFragment pdfDocumentView">
    <annotation name="android.support.annotation.VisibleForTesting" />
  </item>
  <item name="com.pspdfkit.ui.PSPDFSearchViewModular boolean isIdle()">
    <annotation name="android.support.annotation.VisibleForTesting" />
  </item>
  <item name="com.pspdfkit.ui.PSPDFSearchViewModular searchInProgress">
    <annotation name="android.support.annotation.VisibleForTesting" />
  </item>
</root>

