<?xml version="1.0" encoding="UTF-8"?>
<root>
  <item name="com.pspdfkit.configuration.activity.PSPDFActivityConfiguration int getSearchType()">
    <annotation name="android.support.annotation.IntDef">
      <val name="value" val="{com.pspdfkit.configuration.activity.PSPDFActivityConfiguration.SEARCH_INLINE, com.pspdfkit.configuration.activity.PSPDFActivityConfiguration.SEARCH_MODULAR}" />
    </annotation>
  </item>
  <item name="com.pspdfkit.configuration.activity.PSPDFActivityConfiguration.Builder com.pspdfkit.configuration.activity.PSPDFActivityConfiguration.Builder setSearchType(int) 0">
    <annotation name="android.support.annotation.IntDef">
      <val name="value" val="{com.pspdfkit.configuration.activity.PSPDFActivityConfiguration.SEARCH_INLINE, com.pspdfkit.configuration.activity.PSPDFActivityConfiguration.SEARCH_MODULAR}" />
    </annotation>
  </item>
  <item name="com.pspdfkit.configuration.activity.PSPDFActivityConfiguration.Builder searchType">
    <annotation name="android.support.annotation.IntDef">
      <val name="value" val="{com.pspdfkit.configuration.activity.PSPDFActivityConfiguration.SEARCH_INLINE, com.pspdfkit.configuration.activity.PSPDFActivityConfiguration.SEARCH_MODULAR}" />
    </annotation>
  </item>
</root>

