<?xml version="1.0" encoding="UTF-8"?>
<root>
  <item name="com.pspdfkit.framework.utilities.PDFLog void d(int, java.lang.String, java.lang.String, java.lang.Object...) 0">
    <annotation name="android.support.annotation.IntDef">
      <val name="value" val="{com.pspdfkit.framework.utilities.PDFLog.NONE, com.pspdfkit.framework.utilities.PDFLog.BITMAP_CACHING, com.pspdfkit.framework.utilities.PDFLog.PDF_VIEWS, com.pspdfkit.framework.utilities.PDFLog.ANNOTATIONS, com.pspdfkit.framework.utilities.PDFLog.TEXT, com.pspdfkit.framework.utilities.PDFLog.EVENT_BUS, com.pspdfkit.framework.utilities.PDFLog.INPUT_OUTPUT, com.pspdfkit.framework.utilities.PDFLog.RELEASE_LOG}" />
    </annotation>
  </item>
  <item name="com.pspdfkit.framework.utilities.PDFLog void d(int, java.lang.String, java.lang.Throwable, java.lang.String, java.lang.Object...) 0">
    <annotation name="android.support.annotation.IntDef">
      <val name="value" val="{com.pspdfkit.framework.utilities.PDFLog.NONE, com.pspdfkit.framework.utilities.PDFLog.BITMAP_CACHING, com.pspdfkit.framework.utilities.PDFLog.PDF_VIEWS, com.pspdfkit.framework.utilities.PDFLog.ANNOTATIONS, com.pspdfkit.framework.utilities.PDFLog.TEXT, com.pspdfkit.framework.utilities.PDFLog.EVENT_BUS, com.pspdfkit.framework.utilities.PDFLog.INPUT_OUTPUT, com.pspdfkit.framework.utilities.PDFLog.RELEASE_LOG}" />
    </annotation>
  </item>
  <item name="com.pspdfkit.framework.utilities.PDFLog void e(int, java.lang.String, java.lang.String, java.lang.Object...) 0">
    <annotation name="android.support.annotation.IntDef">
      <val name="value" val="{com.pspdfkit.framework.utilities.PDFLog.NONE, com.pspdfkit.framework.utilities.PDFLog.BITMAP_CACHING, com.pspdfkit.framework.utilities.PDFLog.PDF_VIEWS, com.pspdfkit.framework.utilities.PDFLog.ANNOTATIONS, com.pspdfkit.framework.utilities.PDFLog.TEXT, com.pspdfkit.framework.utilities.PDFLog.EVENT_BUS, com.pspdfkit.framework.utilities.PDFLog.INPUT_OUTPUT, com.pspdfkit.framework.utilities.PDFLog.RELEASE_LOG}" />
    </annotation>
  </item>
  <item name="com.pspdfkit.framework.utilities.PDFLog void e(int, java.lang.String, java.lang.Throwable, java.lang.String, java.lang.Object...) 0">
    <annotation name="android.support.annotation.IntDef">
      <val name="value" val="{com.pspdfkit.framework.utilities.PDFLog.NONE, com.pspdfkit.framework.utilities.PDFLog.BITMAP_CACHING, com.pspdfkit.framework.utilities.PDFLog.PDF_VIEWS, com.pspdfkit.framework.utilities.PDFLog.ANNOTATIONS, com.pspdfkit.framework.utilities.PDFLog.TEXT, com.pspdfkit.framework.utilities.PDFLog.EVENT_BUS, com.pspdfkit.framework.utilities.PDFLog.INPUT_OUTPUT, com.pspdfkit.framework.utilities.PDFLog.RELEASE_LOG}" />
    </annotation>
  </item>
  <item name="com.pspdfkit.framework.utilities.PDFLog void i(int, java.lang.String, java.lang.String, java.lang.Object...) 0">
    <annotation name="android.support.annotation.IntDef">
      <val name="value" val="{com.pspdfkit.framework.utilities.PDFLog.NONE, com.pspdfkit.framework.utilities.PDFLog.BITMAP_CACHING, com.pspdfkit.framework.utilities.PDFLog.PDF_VIEWS, com.pspdfkit.framework.utilities.PDFLog.ANNOTATIONS, com.pspdfkit.framework.utilities.PDFLog.TEXT, com.pspdfkit.framework.utilities.PDFLog.EVENT_BUS, com.pspdfkit.framework.utilities.PDFLog.INPUT_OUTPUT, com.pspdfkit.framework.utilities.PDFLog.RELEASE_LOG}" />
    </annotation>
  </item>
  <item name="com.pspdfkit.framework.utilities.PDFLog void i(int, java.lang.String, java.lang.Throwable, java.lang.String, java.lang.Object...) 0">
    <annotation name="android.support.annotation.IntDef">
      <val name="value" val="{com.pspdfkit.framework.utilities.PDFLog.NONE, com.pspdfkit.framework.utilities.PDFLog.BITMAP_CACHING, com.pspdfkit.framework.utilities.PDFLog.PDF_VIEWS, com.pspdfkit.framework.utilities.PDFLog.ANNOTATIONS, com.pspdfkit.framework.utilities.PDFLog.TEXT, com.pspdfkit.framework.utilities.PDFLog.EVENT_BUS, com.pspdfkit.framework.utilities.PDFLog.INPUT_OUTPUT, com.pspdfkit.framework.utilities.PDFLog.RELEASE_LOG}" />
    </annotation>
  </item>
  <item name="com.pspdfkit.framework.utilities.PDFLog void v(int, java.lang.String, java.lang.String, java.lang.Object...) 0">
    <annotation name="android.support.annotation.IntDef">
      <val name="value" val="{com.pspdfkit.framework.utilities.PDFLog.NONE, com.pspdfkit.framework.utilities.PDFLog.BITMAP_CACHING, com.pspdfkit.framework.utilities.PDFLog.PDF_VIEWS, com.pspdfkit.framework.utilities.PDFLog.ANNOTATIONS, com.pspdfkit.framework.utilities.PDFLog.TEXT, com.pspdfkit.framework.utilities.PDFLog.EVENT_BUS, com.pspdfkit.framework.utilities.PDFLog.INPUT_OUTPUT, com.pspdfkit.framework.utilities.PDFLog.RELEASE_LOG}" />
    </annotation>
  </item>
  <item name="com.pspdfkit.framework.utilities.PDFLog void v(int, java.lang.String, java.lang.Throwable, java.lang.String, java.lang.Object...) 0">
    <annotation name="android.support.annotation.IntDef">
      <val name="value" val="{com.pspdfkit.framework.utilities.PDFLog.NONE, com.pspdfkit.framework.utilities.PDFLog.BITMAP_CACHING, com.pspdfkit.framework.utilities.PDFLog.PDF_VIEWS, com.pspdfkit.framework.utilities.PDFLog.ANNOTATIONS, com.pspdfkit.framework.utilities.PDFLog.TEXT, com.pspdfkit.framework.utilities.PDFLog.EVENT_BUS, com.pspdfkit.framework.utilities.PDFLog.INPUT_OUTPUT, com.pspdfkit.framework.utilities.PDFLog.RELEASE_LOG}" />
    </annotation>
  </item>
  <item name="com.pspdfkit.framework.utilities.PDFLog void w(int, java.lang.String, java.lang.String, java.lang.Object...) 0">
    <annotation name="android.support.annotation.IntDef">
      <val name="value" val="{com.pspdfkit.framework.utilities.PDFLog.NONE, com.pspdfkit.framework.utilities.PDFLog.BITMAP_CACHING, com.pspdfkit.framework.utilities.PDFLog.PDF_VIEWS, com.pspdfkit.framework.utilities.PDFLog.ANNOTATIONS, com.pspdfkit.framework.utilities.PDFLog.TEXT, com.pspdfkit.framework.utilities.PDFLog.EVENT_BUS, com.pspdfkit.framework.utilities.PDFLog.INPUT_OUTPUT, com.pspdfkit.framework.utilities.PDFLog.RELEASE_LOG}" />
    </annotation>
  </item>
  <item name="com.pspdfkit.framework.utilities.PDFLog void w(int, java.lang.String, java.lang.Throwable, java.lang.String, java.lang.Object...) 0">
    <annotation name="android.support.annotation.IntDef">
      <val name="value" val="{com.pspdfkit.framework.utilities.PDFLog.NONE, com.pspdfkit.framework.utilities.PDFLog.BITMAP_CACHING, com.pspdfkit.framework.utilities.PDFLog.PDF_VIEWS, com.pspdfkit.framework.utilities.PDFLog.ANNOTATIONS, com.pspdfkit.framework.utilities.PDFLog.TEXT, com.pspdfkit.framework.utilities.PDFLog.EVENT_BUS, com.pspdfkit.framework.utilities.PDFLog.INPUT_OUTPUT, com.pspdfkit.framework.utilities.PDFLog.RELEASE_LOG}" />
    </annotation>
  </item>
  <item name="com.pspdfkit.framework.utilities.PDFLog.DebugLogger boolean isLogged(int, int) 1">
    <annotation name="android.support.annotation.IntDef">
      <val name="value" val="{com.pspdfkit.framework.utilities.PDFLog.NONE, com.pspdfkit.framework.utilities.PDFLog.BITMAP_CACHING, com.pspdfkit.framework.utilities.PDFLog.PDF_VIEWS, com.pspdfkit.framework.utilities.PDFLog.ANNOTATIONS, com.pspdfkit.framework.utilities.PDFLog.TEXT, com.pspdfkit.framework.utilities.PDFLog.EVENT_BUS, com.pspdfkit.framework.utilities.PDFLog.INPUT_OUTPUT, com.pspdfkit.framework.utilities.PDFLog.RELEASE_LOG}" />
    </annotation>
  </item>
  <item name="com.pspdfkit.framework.utilities.PDFLog.LogCatLogger void log(int, int, java.lang.String, java.lang.Throwable, java.lang.String) 1">
    <annotation name="android.support.annotation.IntDef">
      <val name="value" val="{com.pspdfkit.framework.utilities.PDFLog.NONE, com.pspdfkit.framework.utilities.PDFLog.BITMAP_CACHING, com.pspdfkit.framework.utilities.PDFLog.PDF_VIEWS, com.pspdfkit.framework.utilities.PDFLog.ANNOTATIONS, com.pspdfkit.framework.utilities.PDFLog.TEXT, com.pspdfkit.framework.utilities.PDFLog.EVENT_BUS, com.pspdfkit.framework.utilities.PDFLog.INPUT_OUTPUT, com.pspdfkit.framework.utilities.PDFLog.RELEASE_LOG}" />
    </annotation>
  </item>
  <item name="com.pspdfkit.framework.utilities.PDFLog.Logger boolean isLogged(int, int) 1">
    <annotation name="android.support.annotation.IntDef">
      <val name="value" val="{com.pspdfkit.framework.utilities.PDFLog.NONE, com.pspdfkit.framework.utilities.PDFLog.BITMAP_CACHING, com.pspdfkit.framework.utilities.PDFLog.PDF_VIEWS, com.pspdfkit.framework.utilities.PDFLog.ANNOTATIONS, com.pspdfkit.framework.utilities.PDFLog.TEXT, com.pspdfkit.framework.utilities.PDFLog.EVENT_BUS, com.pspdfkit.framework.utilities.PDFLog.INPUT_OUTPUT, com.pspdfkit.framework.utilities.PDFLog.RELEASE_LOG}" />
    </annotation>
  </item>
  <item name="com.pspdfkit.framework.utilities.PDFLog.Logger void log(int, int, java.lang.String, java.lang.Throwable, java.lang.String) 1">
    <annotation name="android.support.annotation.IntDef">
      <val name="value" val="{com.pspdfkit.framework.utilities.PDFLog.NONE, com.pspdfkit.framework.utilities.PDFLog.BITMAP_CACHING, com.pspdfkit.framework.utilities.PDFLog.PDF_VIEWS, com.pspdfkit.framework.utilities.PDFLog.ANNOTATIONS, com.pspdfkit.framework.utilities.PDFLog.TEXT, com.pspdfkit.framework.utilities.PDFLog.EVENT_BUS, com.pspdfkit.framework.utilities.PDFLog.INPUT_OUTPUT, com.pspdfkit.framework.utilities.PDFLog.RELEASE_LOG}" />
    </annotation>
  </item>
  <item name="com.pspdfkit.framework.utilities.PDFLog.Logger void logWithPriority(int, int, java.lang.String, java.lang.Throwable, java.lang.String, java.lang.Object...) 1">
    <annotation name="android.support.annotation.IntDef">
      <val name="value" val="{com.pspdfkit.framework.utilities.PDFLog.NONE, com.pspdfkit.framework.utilities.PDFLog.BITMAP_CACHING, com.pspdfkit.framework.utilities.PDFLog.PDF_VIEWS, com.pspdfkit.framework.utilities.PDFLog.ANNOTATIONS, com.pspdfkit.framework.utilities.PDFLog.TEXT, com.pspdfkit.framework.utilities.PDFLog.EVENT_BUS, com.pspdfkit.framework.utilities.PDFLog.INPUT_OUTPUT, com.pspdfkit.framework.utilities.PDFLog.RELEASE_LOG}" />
    </annotation>
  </item>
  <item name="com.pspdfkit.framework.utilities.PDFLog.ReleaseLogger boolean isLogged(int, int) 1">
    <annotation name="android.support.annotation.IntDef">
      <val name="value" val="{com.pspdfkit.framework.utilities.PDFLog.NONE, com.pspdfkit.framework.utilities.PDFLog.BITMAP_CACHING, com.pspdfkit.framework.utilities.PDFLog.PDF_VIEWS, com.pspdfkit.framework.utilities.PDFLog.ANNOTATIONS, com.pspdfkit.framework.utilities.PDFLog.TEXT, com.pspdfkit.framework.utilities.PDFLog.EVENT_BUS, com.pspdfkit.framework.utilities.PDFLog.INPUT_OUTPUT, com.pspdfkit.framework.utilities.PDFLog.RELEASE_LOG}" />
    </annotation>
  </item>
  <item name="com.pspdfkit.framework.utilities.Threading rx.Scheduler getIoScheduler(int) 0">
    <annotation name="android.support.annotation.IntDef">
      <val name="value" val="{com.pspdfkit.framework.utilities.threading.PriorityScheduler.PRIORITY_HIGH, com.pspdfkit.framework.utilities.threading.PriorityScheduler.PRIORITY_NORMAL, com.pspdfkit.framework.utilities.threading.PriorityScheduler.PRIORITY_LOW, com.pspdfkit.framework.utilities.threading.PriorityScheduler.PRIORITY_BACKGROUND}" />
    </annotation>
  </item>
  <item name="com.pspdfkit.framework.utilities.Threading rx.Scheduler getPdfiumScheduler(int) 0">
    <annotation name="android.support.annotation.IntDef">
      <val name="value" val="{com.pspdfkit.framework.utilities.threading.PriorityScheduler.PRIORITY_HIGH, com.pspdfkit.framework.utilities.threading.PriorityScheduler.PRIORITY_NORMAL, com.pspdfkit.framework.utilities.threading.PriorityScheduler.PRIORITY_LOW, com.pspdfkit.framework.utilities.threading.PriorityScheduler.PRIORITY_BACKGROUND}" />
    </annotation>
  </item>
</root>

